{"cameraMode":{"drawMode":0,"name":"Shaded","section":"Shading Mode"},"sceneLighting":true,"audioPlay":false,"sceneViewState":{"m_AlwaysRefresh":false,"showFog":true,"showSkybox":true,"showFlares":true,"showImageEffects":true,"showParticleSystems":true,"showVisualEffectGraphs":true,"m_FxEnabled":true},"in2DMode":false,"pivot":{"x":1.5576412677764893,"y":-1.423755168914795,"z":-18.95113754272461},"rotation":{"x":0.2144252210855484,"y":-0.10961797088384628,"z":0.024225132539868356,"w":0.9702678322792053},"size":3.049393653869629,"orthographic":true}