{"cameraMode":{"drawMode":0,"name":"Shaded","section":"Shading Mode"},"sceneLighting":true,"audioPlay":false,"sceneViewState":{"m_AlwaysRefresh":true,"showFog":true,"showSkybox":true,"showFlares":true,"showImageEffects":true,"showParticleSystems":true,"showVisualEffectGraphs":true,"m_FxEnabled":true},"in2DMode":false,"pivot":{"x":-22.904315948486329,"y":-5.894322872161865,"z":42.19784164428711},"rotation":{"x":-0.0021592897828668358,"y":0.9449501633644104,"z":0.006238700356334448,"w":0.3271535038948059},"size":10.960408210754395,"orthographic":true}